{
    "loss": 4.5668745040893555,
    "accuracy": 0.6866666674613953
}