{
    "loss": 1.632541298866272,
    "accuracy": 0.7300000190734863
}